"object_id","object_repr","change_message","action_time"
"1","1","Article object (1)","1","[{"added": {}}]","8","1","April 20, 2024, 9:39 a.m."
"2","1","Article object (1)","2","[{"changed": {"fields": ["Content"]}}]","8","1","April 20, 2024, 9:49 a.m."
"3","1","Article object (1)","2","[{"changed": {"fields": ["Content"]}}]","8","1","April 20, 2024, 9:49 a.m."
"4","1","Article object (1)","2","[{"changed": {"fields": ["Content"]}}]","8","1","April 20, 2024, 9:50 a.m."
"5","1","Article object (1)","2","[{"changed": {"fields": ["Content"]}}]","8","1","April 20, 2024, 9:50 a.m."
"6","1","Article object (1)","2","[{"changed": {"fields": ["Content"]}}]","8","1","April 20, 2024, 9:53 a.m."
"7","1","Article object (1)","2","[{"changed": {"fields": ["Content"]}}]","8","1","April 20, 2024, 9:54 a.m."
"8","1","Article object (1)","2","[{"changed": {"fields": ["Title", "Content"]}}]","8","1","April 20, 2024, 9:59 a.m."
"9","1","Article object (1)","2","[{"changed": {"fields": ["Content"]}}]","8","1","April 20, 2024, 10:01 a.m."
"10","1","Article object (1)","2","[{"changed": {"fields": ["Title"]}}]","8","1","April 20, 2024, 10:02 a.m."
"11","2","Article object (2)","1","[{"added": {}}]","8","1","April 20, 2024, 10:12 a.m."
"12","2","Article object (2)","2","[{"changed": {"fields": ["Content"]}}]","8","1","April 20, 2024, 10:13 a.m."
"13","3","Article object (3)","1","[{"added": {}}]","8","1","April 20, 2024, 10:18 a.m."
"14","4","Article object (4)","1","[{"added": {}}]","8","1","April 20, 2024, 10:22 a.m."
"15","4","Article object (4)","2","[{"changed": {"fields": ["Content"]}}]","8","1","April 20, 2024, 10:23 a.m."
"16","5","Article object (5)","1","[{"added": {}}]","8","1","April 20, 2024, 10:26 a.m."
"17","6","Article object (6)","1","[{"added": {}}]","8","1","April 20, 2024, 10:28 a.m."
"18","7","Article object (7)","1","[{"added": {}}]","8","1","April 20, 2024, 10:45 a.m."
"19","7","Article object (7)","2","[{"changed": {"fields": ["Content"]}}]","8","1","April 20, 2024, 10:46 a.m."
"20","7","Article object (7)","2","[]","8","1","April 20, 2024, 10:53 a.m."
"21","8","Article object (8)","1","[{"added": {}}]","8","1","April 20, 2024, 10:57 a.m."
"22","4","Comment object (4)","1","[{"added": {}}]","7","1","April 20, 2024, 11:09 a.m."
"23","5","Comment object (5)","1","[{"added": {}}]","7","1","April 20, 2024, 11:10 a.m."
"24","6","Comment object (6)","1","[{"added": {}}]","7","1","April 20, 2024, 11:11 a.m."
"25","4","carol@science.com","2","[{"changed": {"fields": ["First name", "Last name", "Address", "Qooqle connected account"]}}]","6","1","April 20, 2024, 11:13 a.m."
"26","7","Comment object (7)","1","[{"added": {}}]","7","1","April 20, 2024, 11:35 a.m."
"27","11","Article object (11)","3","","8","1","Oct. 20, 2025, 7:15 p.m."
"28","10","Article object (10)","3","","8","1","Oct. 20, 2025, 7:15 p.m."
"29","9","Article object (9)","3","","8","1","Oct. 20, 2025, 7:16 p.m."
"30","14","hacker@htb.com","3","","6","1","Oct. 20, 2025, 7:16 p.m."
"31","13","test2@mail.com","3","","6","1","Oct. 20, 2025, 7:16 p.m."
"32","11","test@mail.com","3","","6","1","Oct. 20, 2025, 7:16 p.m."
"33","10","test@gmail.com","3","","6","1","Oct. 20, 2025, 7:16 p.m."
"34","12","Article object (12)","1","[{"added": {}}]","8","1","Oct. 20, 2025, 7:18 p.m."
"35","12","Article object (12)","3","","8","1","Oct. 22, 2025, 8:15 p.m."
"36","23","Article object (23)","1","[{"added": {}}]","8","1","Jan. 2, 2026, 9:52 p.m."
"37","24","Article object (24)","1","[{"added": {}}]","8","1","Jan. 2, 2026, 9:52 p.m."
"38","25","Article object (25)","1","[{"added": {}}]","8","1","Jan. 2, 2026, 9:54 p.m."
"39","26","Article object (26)","1","[{"added": {}}]","8","1","Jan. 2, 2026, 10:06 p.m."
"40","27","Article object (27)","1","[{"added": {}}]","8","1","Jan. 2, 2026, 10:06 p.m."
"41","28","Article object (28)","1","[{"added": {}}]","8","1","Jan. 2, 2026, 10:06 p.m."
"42","29","Article object (29)","1","[{"added": {}}]","8","1","Jan. 2, 2026, 10:06 p.m."
"43","30","Article object (30)","1","[{"added": {}}]","8","1","Jan. 2, 2026, 10:06 p.m."
"44","31","Article object (31)","1","[{"added": {}}]","8","1","Jan. 2, 2026, 10:06 p.m."
"45","32","Article object (32)","1","[{"added": {}}]","8","1","Jan. 2, 2026, 10:07 p.m."
"46","33","Article object (33)","1","[{"added": {}}]","8","1","Jan. 2, 2026, 10:07 p.m."
"47","34","Article object (34)","1","[{"added": {}}]","8","1","Jan. 2, 2026, 10:07 p.m."
"48","35","Article object (35)","1","[{"added": {}}]","8","1","Jan. 2, 2026, 10:14 p.m."
"49","36","Article object (36)","1","[{"added": {}}]","8","1","Jan. 2, 2026, 10:14 p.m."
"50","37","Article object (37)","1","[{"added": {}}]","8","1","Jan. 2, 2026, 10:14 p.m."
"51","38","Article object (38)","1","[{"added": {}}]","8","1","Jan. 2, 2026, 10:14 p.m."
"52","39","Article object (39)","1","[{"added": {}}]","8","1","Jan. 2, 2026, 10:14 p.m."
"53","40","Article object (40)","1","[{"added": {}}]","8","1","Jan. 2, 2026, 10:14 p.m."
"54","41","Article object (41)","1","[{"added": {}}]","8","1","Jan. 2, 2026, 10:14 p.m."
"55","42","Article object (42)","1","[{"added": {}}]","8","1","Jan. 2, 2026, 10:14 p.m."
"56","43","Article object (43)","1","[{"added": {}}]","8","1","Jan. 2, 2026, 10:14 p.m."
"57","44","Article object (44)","1","[{"added": {}}]","8","1","Jan. 2, 2026, 10:14 p.m."
"58","45","Article object (45)","1","[{"added": {}}]","8","1","Jan. 2, 2026, 10:14 p.m."
"59","46","Article object (46)","1","[{"added": {}}]","8","1","Jan. 2, 2026, 10:14 p.m."
"60","47","Article object (47)","1","[{"added": {}}]","8","1","Jan. 2, 2026, 10:14 p.m."
"61","48","Article object (48)","1","[{"added": {}}]","8","1","Jan. 2, 2026, 10:14 p.m."
"62","49","Article object (49)","1","[{"added": {}}]","8","1","Jan. 2, 2026, 10:14 p.m."
"63","50","Article object (50)","1","[{"added": {}}]","8","1","Jan. 2, 2026, 10:14 p.m."
"64","51","Article object (51)","1","[{"added": {}}]","8","1","Jan. 2, 2026, 10:15 p.m."
"65","52","Article object (52)","1","[{"added": {}}]","8","1","Jan. 2, 2026, 10:15 p.m."
"66","53","Article object (53)","1","[{"added": {}}]","8","1","Jan. 2, 2026, 10:15 p.m."
"67","54","Article object (54)","1","[{"added": {}}]","8","1","Jan. 2, 2026, 10:15 p.m."
"68","55","Article object (55)","1","[{"added": {}}]","8","1","Jan. 2, 2026, 10:15 p.m."
"69","56","Article object (56)","1","[{"added": {}}]","8","1","Jan. 2, 2026, 10:15 p.m."
"70","57","Article object (57)","1","[{"added": {}}]","8","1","Jan. 2, 2026, 10:15 p.m."
"71","58","Article object (58)","1","[{"added": {}}]","8","1","Jan. 2, 2026, 10:15 p.m."
"72","59","Article object (59)","1","[{"added": {}}]","8","1","Jan. 2, 2026, 10:15 p.m."
"73","60","Article object (60)","1","[{"added": {}}]","8","1","Jan. 2, 2026, 10:15 p.m."
"74","61","Article object (61)","1","[{"added": {}}]","8","1","Jan. 2, 2026, 10:15 p.m."
"75","62","Article object (62)","1","[{"added": {}}]","8","1","Jan. 2, 2026, 10:15 p.m."
"76","63","Article object (63)","1","[{"added": {}}]","8","1","Jan. 2, 2026, 10:15 p.m."
"77","64","Article object (64)","1","[{"added": {}}]","8","1","Jan. 2, 2026, 10:15 p.m."
"78","65","Article object (65)","1","[{"added": {}}]","8","1","Jan. 2, 2026, 10:15 p.m."
"79","66","Article object (66)","1","[{"added": {}}]","8","1","Jan. 2, 2026, 10:15 p.m."
"80","67","Article object (67)","1","[{"added": {}}]","8","1","Jan. 2, 2026, 10:15 p.m."
"81","68","Article object (68)","1","[{"added": {}}]","8","1","Jan. 2, 2026, 10:15 p.m."
"82","69","Article object (69)","1","[{"added": {}}]","8","1","Jan. 2, 2026, 10:15 p.m."
"83","70","Article object (70)","1","[{"added": {}}]","8","1","Jan. 2, 2026, 10:15 p.m."
"84","71","Article object (71)","1","[{"added": {}}]","8","1","Jan. 2, 2026, 10:15 p.m."
"85","72","Article object (72)","1","[{"added": {}}]","8","1","Jan. 2, 2026, 10:15 p.m."
"86","73","Article object (73)","1","[{"added": {}}]","8","1","Jan. 2, 2026, 10:15 p.m."
"87","74","Article object (74)","1","[{"added": {}}]","8","1","Jan. 2, 2026, 10:15 p.m."
"88","75","Article object (75)","1","[{"added": {}}]","8","1","Jan. 2, 2026, 10:16 p.m."
"89","76","Article object (76)","1","[{"added": {}}]","8","1","Jan. 2, 2026, 10:16 p.m."
"90","77","Article object (77)","1","[{"added": {}}]","8","1","Jan. 2, 2026, 10:16 p.m."
"91","78","Article object (78)","1","[{"added": {}}]","8","1","Jan. 2, 2026, 10:16 p.m."
"92","79","Article object (79)","1","[{"added": {}}]","8","1","Jan. 2, 2026, 10:16 p.m."
"93","80","Article object (80)","1","[{"added": {}}]","8","1","Jan. 2, 2026, 10:16 p.m."
"94","81","Article object (81)","1","[{"added": {}}]","8","1","Jan. 2, 2026, 10:16 p.m."
"95","82","Article object (82)","1","[{"added": {}}]","8","1","Jan. 2, 2026, 10:16 p.m."
"96","83","Article object (83)","1","[{"added": {}}]","8","1","Jan. 2, 2026, 10:16 p.m."
"97","84","Article object (84)","1","[{"added": {}}]","8","1","Jan. 2, 2026, 10:16 p.m."
"98","85","Article object (85)","1","[{"added": {}}]","8","1","Jan. 2, 2026, 10:16 p.m."
"99","86","Article object (86)","1","[{"added": {}}]","8","1","Jan. 2, 2026, 10:16 p.m."
"100","87","Article object (87)","1","[{"added": {}}]","8","1","Jan. 2, 2026, 10:16 p.m."
"101","88","Article object (88)","1","[{"added": {}}]","8","1","Jan. 2, 2026, 10:16 p.m."
"102","89","Article object (89)","1","[{"added": {}}]","8","1","Jan. 2, 2026, 10:16 p.m."
"103","90","Article object (90)","1","[{"added": {}}]","8","1","Jan. 2, 2026, 10:16 p.m."
"104","91","Article object (91)","1","[{"added": {}}]","8","1","Jan. 2, 2026, 10:16 p.m."
"105","92","Article object (92)","1","[{"added": {}}]","8","1","Jan. 2, 2026, 10:16 p.m."
"106","93","Article object (93)","1","[{"added": {}}]","8","1","Jan. 2, 2026, 10:16 p.m."
"107","94","Article object (94)","1","[{"added": {}}]","8","1","Jan. 2, 2026, 10:16 p.m."
"108","95","Article object (95)","1","[{"added": {}}]","8","1","Jan. 2, 2026, 10:16 p.m."
"109","96","Article object (96)","1","[{"added": {}}]","8","1","Jan. 2, 2026, 10:16 p.m."
"110","97","Article object (97)","1","[{"added": {}}]","8","1","Jan. 2, 2026, 10:17 p.m."
"111","98","Article object (98)","1","[{"added": {}}]","8","1","Jan. 2, 2026, 10:17 p.m."
"112","99","Article object (99)","1","[{"added": {}}]","8","1","Jan. 2, 2026, 10:17 p.m."
"113","100","Article object (100)","1","[{"added": {}}]","8","1","Jan. 2, 2026, 10:17 p.m."
"114","101","Article object (101)","1","[{"added": {}}]","8","1","Jan. 2, 2026, 10:17 p.m."
"115","102","Article object (102)","1","[{"added": {}}]","8","1","Jan. 2, 2026, 10:17 p.m."
"116","103","Article object (103)","1","[{"added": {}}]","8","1","Jan. 2, 2026, 10:17 p.m."
"117","104","Article object (104)","1","[{"added": {}}]","8","1","Jan. 2, 2026, 10:17 p.m."
"118","105","Article object (105)","1","[{"added": {}}]","8","1","Jan. 2, 2026, 10:17 p.m."
"119","106","Article object (106)","1","[{"added": {}}]","8","1","Jan. 2, 2026, 10:17 p.m."
"120","107","Article object (107)","1","[{"added": {}}]","8","1","Jan. 2, 2026, 10:17 p.m."
"121","108","Article object (108)","1","[{"added": {}}]","8","1","Jan. 2, 2026, 10:17 p.m."
"122","109","Article object (109)","1","[{"added": {}}]","8","1","Jan. 2, 2026, 10:17 p.m."
"123","110","Article object (110)","1","[{"added": {}}]","8","1","Jan. 2, 2026, 10:17 p.m."
"124","111","Article object (111)","1","[{"added": {}}]","8","1","Jan. 2, 2026, 10:17 p.m."
"125","112","Article object (112)","1","[{"added": {}}]","8","1","Jan. 2, 2026, 10:17 p.m."
"126","113","Article object (113)","1","[{"added": {}}]","8","1","Jan. 2, 2026, 10:17 p.m."
"127","114","Article object (114)","1","[{"added": {}}]","8","1","Jan. 2, 2026, 10:17 p.m."
"128","115","Article object (115)","1","[{"added": {}}]","8","1","Jan. 2, 2026, 10:17 p.m."
"129","116","Article object (116)","1","[{"added": {}}]","8","1","Jan. 2, 2026, 10:17 p.m."
"130","117","Article object (117)","1","[{"added": {}}]","8","1","Jan. 2, 2026, 10:17 p.m."
"131","118","Article object (118)","1","[{"added": {}}]","8","1","Jan. 2, 2026, 10:17 p.m."
"132","119","Article object (119)","1","[{"added": {}}]","8","1","Jan. 2, 2026, 10:17 p.m."
"133","120","Article object (120)","1","[{"added": {}}]","8","1","Jan. 2, 2026, 10:17 p.m."
"134","121","Article object (121)","1","[{"added": {}}]","8","1","Jan. 2, 2026, 10:17 p.m."
"135","122","Article object (122)","1","[{"added": {}}]","8","1","Jan. 2, 2026, 10:18 p.m."
"136","123","Article object (123)","1","[{"added": {}}]","8","1","Jan. 2, 2026, 10:18 p.m."
"137","124","Article object (124)","1","[{"added": {}}]","8","1","Jan. 2, 2026, 10:18 p.m."
"138","125","Article object (125)","1","[{"added": {}}]","8","1","Jan. 2, 2026, 10:18 p.m."
"139","126","Article object (126)","1","[{"added": {}}]","8","1","Jan. 2, 2026, 10:18 p.m."
"140","127","Article object (127)","1","[{"added": {}}]","8","1","Jan. 2, 2026, 10:18 p.m."
"141","128","Article object (128)","1","[{"added": {}}]","8","1","Jan. 2, 2026, 10:18 p.m."
"142","129","Article object (129)","1","[{"added": {}}]","8","1","Jan. 2, 2026, 10:18 p.m."
"143","130","Article object (130)","1","[{"added": {}}]","8","1","Jan. 2, 2026, 10:18 p.m."
"144","131","Article object (131)","1","[{"added": {}}]","8","1","Jan. 2, 2026, 10:18 p.m."
"145","132","Article object (132)","1","[{"added": {}}]","8","1","Jan. 2, 2026, 10:18 p.m."
"146","133","Article object (133)","1","[{"added": {}}]","8","1","Jan. 2, 2026, 10:18 p.m."
"147","134","Article object (134)","1","[{"added": {}}]","8","1","Jan. 2, 2026, 10:18 p.m."
"148","135","Article object (135)","1","[{"added": {}}]","8","1","Jan. 2, 2026, 10:18 p.m."
"149","136","Article object (136)","1","[{"added": {}}]","8","1","Jan. 2, 2026, 10:18 p.m."
"150","137","Article object (137)","1","[{"added": {}}]","8","1","Jan. 2, 2026, 10:18 p.m."
"151","138","Article object (138)","1","[{"added": {}}]","8","1","Jan. 2, 2026, 10:18 p.m."
"152","139","Article object (139)","1","[{"added": {}}]","8","1","Jan. 2, 2026, 10:18 p.m."
"153","140","Article object (140)","1","[{"added": {}}]","8","1","Jan. 2, 2026, 10:18 p.m."
"154","141","Article object (141)","1","[{"added": {}}]","8","1","Jan. 2, 2026, 10:18 p.m."
"155","142","Article object (142)","1","[{"added": {}}]","8","1","Jan. 2, 2026, 10:18 p.m."
"156","143","Article object (143)","1","[{"added": {}}]","8","1","Jan. 2, 2026, 10:19 p.m."
"157","144","Article object (144)","1","[{"added": {}}]","8","1","Jan. 2, 2026, 10:19 p.m."
"158","145","Article object (145)","1","[{"added": {}}]","8","1","Jan. 2, 2026, 10:19 p.m."
"159","146","Article object (146)","1","[{"added": {}}]","8","1","Jan. 2, 2026, 10:19 p.m."
"160","147","Article object (147)","1","[{"added": {}}]","8","1","Jan. 2, 2026, 10:19 p.m."
"161","148","Article object (148)","1","[{"added": {}}]","8","1","Jan. 2, 2026, 10:19 p.m."
"162","149","Article object (149)","1","[{"added": {}}]","8","1","Jan. 2, 2026, 10:19 p.m."
"163","150","Article object (150)","1","[{"added": {}}]","8","1","Jan. 2, 2026, 10:19 p.m."
"164","151","Article object (151)","1","[{"added": {}}]","8","1","Jan. 2, 2026, 10:19 p.m."
"165","152","Article object (152)","1","[{"added": {}}]","8","1","Jan. 2, 2026, 10:19 p.m."
"166","153","Article object (153)","1","[{"added": {}}]","8","1","Jan. 2, 2026, 10:19 p.m."
"167","154","Article object (154)","1","[{"added": {}}]","8","1","Jan. 2, 2026, 10:19 p.m."
"168","155","Article object (155)","1","[{"added": {}}]","8","1","Jan. 2, 2026, 10:19 p.m."
"169","156","Article object (156)","1","[{"added": {}}]","8","1","Jan. 2, 2026, 10:19 p.m."
"170","157","Article object (157)","1","[{"added": {}}]","8","1","Jan. 2, 2026, 10:19 p.m."
"171","158","Article object (158)","1","[{"added": {}}]","8","1","Jan. 2, 2026, 10:19 p.m."
"172","159","Article object (159)","1","[{"added": {}}]","8","1","Jan. 2, 2026, 10:19 p.m."
"173","160","Article object (160)","1","[{"added": {}}]","8","1","Jan. 2, 2026, 10:19 p.m."
"174","161","Article object (161)","1","[{"added": {}}]","8","1","Jan. 2, 2026, 10:19 p.m."
"175","162","Article object (162)","1","[{"added": {}}]","8","1","Jan. 2, 2026, 10:19 p.m."
"176","163","Article object (163)","1","[{"added": {}}]","8","1","Jan. 2, 2026, 10:19 p.m."
"177","164","Article object (164)","1","[{"added": {}}]","8","1","Jan. 2, 2026, 10:20 p.m."
"178","165","Article object (165)","1","[{"added": {}}]","8","1","Jan. 2, 2026, 10:20 p.m."
"179","166","Article object (166)","1","[{"added": {}}]","8","1","Jan. 2, 2026, 10:20 p.m."
"180","167","Article object (167)","1","[{"added": {}}]","8","1","Jan. 2, 2026, 10:20 p.m."
"181","168","Article object (168)","1","[{"added": {}}]","8","1","Jan. 2, 2026, 10:20 p.m."
"182","169","Article object (169)","1","[{"added": {}}]","8","1","Jan. 2, 2026, 10:20 p.m."
"183","170","Article object (170)","1","[{"added": {}}]","8","1","Jan. 2, 2026, 10:20 p.m."
"184","171","Article object (171)","1","[{"added": {}}]","8","1","Jan. 2, 2026, 10:20 p.m."
"185","172","Article object (172)","1","[{"added": {}}]","8","1","Jan. 2, 2026, 10:20 p.m."
"186","173","Article object (173)","1","[{"added": {}}]","8","1","Jan. 2, 2026, 10:20 p.m."
"187","174","Article object (174)","1","[{"added": {}}]","8","1","Jan. 2, 2026, 10:20 p.m."
"188","175","Article object (175)","1","[{"added": {}}]","8","1","Jan. 2, 2026, 10:20 p.m."
"189","176","Article object (176)","1","[{"added": {}}]","8","1","Jan. 2, 2026, 10:20 p.m."
"190","177","Article object (177)","1","[{"added": {}}]","8","1","Jan. 2, 2026, 10:20 p.m."
"191","178","Article object (178)","1","[{"added": {}}]","8","1","Jan. 2, 2026, 10:20 p.m."
"192","179","Article object (179)","1","[{"added": {}}]","8","1","Jan. 2, 2026, 10:20 p.m."
"193","180","Article object (180)","1","[{"added": {}}]","8","1","Jan. 2, 2026, 10:20 p.m."
"194","181","Article object (181)","1","[{"added": {}}]","8","1","Jan. 2, 2026, 10:20 p.m."
"195","182","Article object (182)","1","[{"added": {}}]","8","1","Jan. 2, 2026, 10:21 p.m."
"196","183","Article object (183)","1","[{"added": {}}]","8","1","Jan. 2, 2026, 10:21 p.m."
"197","184","Article object (184)","1","[{"added": {}}]","8","1","Jan. 2, 2026, 10:21 p.m."
"198","185","Article object (185)","1","[{"added": {}}]","8","1","Jan. 2, 2026, 10:21 p.m."
"199","186","Article object (186)","1","[{"added": {}}]","8","1","Jan. 2, 2026, 10:21 p.m."
"200","187","Article object (187)","1","[{"added": {}}]","8","1","Jan. 2, 2026, 10:21 p.m."
"201","188","Article object (188)","1","[{"added": {}}]","8","1","Jan. 2, 2026, 10:21 p.m."
"202","189","Article object (189)","1","[{"added": {}}]","8","1","Jan. 2, 2026, 10:21 p.m."
"203","190","Article object (190)","1","[{"added": {}}]","8","1","Jan. 2, 2026, 10:21 p.m."
"204","191","Article object (191)","1","[{"added": {}}]","8","1","Jan. 2, 2026, 10:21 p.m."
"205","192","Article object (192)","1","[{"added": {}}]","8","1","Jan. 2, 2026, 10:21 p.m."
"206","193","Article object (193)","1","[{"added": {}}]","8","1","Jan. 2, 2026, 10:21 p.m."
"207","194","Article object (194)","1","[{"added": {}}]","8","1","Jan. 2, 2026, 10:21 p.m."
"208","195","Article object (195)","1","[{"added": {}}]","8","1","Jan. 2, 2026, 10:21 p.m."
"209","196","Article object (196)","1","[{"added": {}}]","8","1","Jan. 2, 2026, 10:21 p.m."
"210","197","Article object (197)","1","[{"added": {}}]","8","1","Jan. 2, 2026, 10:22 p.m."
"211","198","Article object (198)","1","[{"added": {}}]","8","1","Jan. 2, 2026, 10:22 p.m."
"212","199","Article object (199)","1","[{"added": {}}]","8","1","Jan. 2, 2026, 10:22 p.m."
"213","200","Article object (200)","1","[{"added": {}}]","8","1","Jan. 2, 2026, 10:22 p.m."
"214","201","Article object (201)","1","[{"added": {}}]","8","1","Jan. 2, 2026, 10:22 p.m."
"215","202","Article object (202)","1","[{"added": {}}]","8","1","Jan. 2, 2026, 10:22 p.m."
"216","203","Article object (203)","1","[{"added": {}}]","8","1","Jan. 2, 2026, 10:22 p.m."
"217","204","Article object (204)","1","[{"added": {}}]","8","1","Jan. 2, 2026, 10:22 p.m."
"218","205","Article object (205)","1","[{"added": {}}]","8","1","Jan. 2, 2026, 10:22 p.m."
"219","206","Article object (206)","1","[{"added": {}}]","8","1","Jan. 2, 2026, 10:22 p.m."
"220","207","Article object (207)","1","[{"added": {}}]","8","1","Jan. 2, 2026, 10:22 p.m."
"221","208","Article object (208)","1","[{"added": {}}]","8","1","Jan. 2, 2026, 10:22 p.m."
"222","209","Article object (209)","1","[{"added": {}}]","8","1","Jan. 2, 2026, 10:22 p.m."
"223","210","Article object (210)","1","[{"added": {}}]","8","1","Jan. 2, 2026, 10:22 p.m."
"224","211","Article object (211)","1","[{"added": {}}]","8","1","Jan. 2, 2026, 10:22 p.m."
"225","212","Article object (212)","1","[{"added": {}}]","8","1","Jan. 2, 2026, 10:22 p.m."
"226","213","Article object (213)","1","[{"added": {}}]","8","1","Jan. 2, 2026, 10:23 p.m."
"227","214","Article object (214)","1","[{"added": {}}]","8","1","Jan. 2, 2026, 10:23 p.m."
"228","215","Article object (215)","1","[{"added": {}}]","8","1","Jan. 2, 2026, 10:23 p.m."
"229","216","Article object (216)","1","[{"added": {}}]","8","1","Jan. 2, 2026, 10:23 p.m."
"230","217","Article object (217)","1","[{"added": {}}]","8","1","Jan. 2, 2026, 10:23 p.m."
"231","218","Article object (218)","1","[{"added": {}}]","8","1","Jan. 2, 2026, 10:23 p.m."
"232","219","Article object (219)","1","[{"added": {}}]","8","1","Jan. 2, 2026, 10:23 p.m."
"233","220","Article object (220)","1","[{"added": {}}]","8","1","Jan. 2, 2026, 10:23 p.m."
"234","221","Article object (221)","1","[{"added": {}}]","8","1","Jan. 2, 2026, 10:23 p.m."
"235","222","Article object (222)","1","[{"added": {}}]","8","1","Jan. 2, 2026, 10:24 p.m."
"236","223","Article object (223)","1","[{"added": {}}]","8","1","Jan. 2, 2026, 10:24 p.m."
"237","224","Article object (224)","1","[{"added": {}}]","8","1","Jan. 2, 2026, 10:24 p.m."
"238","225","Article object (225)","1","[{"added": {}}]","8","1","Jan. 2, 2026, 10:24 p.m."
"239","226","Article object (226)","1","[{"added": {}}]","8","1","Jan. 2, 2026, 10:24 p.m."
"240","227","Article object (227)","1","[{"added": {}}]","8","1","Jan. 2, 2026, 10:24 p.m."
"241","228","Article object (228)","1","[{"added": {}}]","8","1","Jan. 2, 2026, 10:24 p.m."
"242","229","Article object (229)","1","[{"added": {}}]","8","1","Jan. 2, 2026, 10:25 p.m."
"243","230","Article object (230)","1","[{"added": {}}]","8","1","Jan. 2, 2026, 10:25 p.m."
"244","231","Article object (231)","1","[{"added": {}}]","8","1","Jan. 2, 2026, 10:25 p.m."
"245","232","Article object (232)","1","[{"added": {}}]","8","1","Jan. 2, 2026, 10:25 p.m."
"246","233","Article object (233)","1","[{"added": {}}]","8","1","Jan. 2, 2026, 10:25 p.m."
"247","234","Article object (234)","1","[{"added": {}}]","8","1","Jan. 2, 2026, 10:25 p.m."
"248","235","Article object (235)","1","[{"added": {}}]","8","1","Jan. 2, 2026, 10:26 p.m."
"249","236","Article object (236)","1","[{"added": {}}]","8","1","Jan. 2, 2026, 10:26 p.m."
"250","237","Article object (237)","1","[{"added": {}}]","8","1","Jan. 2, 2026, 10:26 p.m."
"251","238","Article object (238)","1","[{"added": {}}]","8","1","Jan. 2, 2026, 10:26 p.m."
"252","239","Article object (239)","1","[{"added": {}}]","8","1","Jan. 2, 2026, 10:26 p.m."
"253","240","Article object (240)","1","[{"added": {}}]","8","1","Jan. 2, 2026, 10:27 p.m."
"254","241","Article object (241)","1","[{"added": {}}]","8","1","Jan. 2, 2026, 10:35 p.m."
"255","242","Article object (242)","1","[{"added": {}}]","8","1","Jan. 2, 2026, 10:35 p.m."
"256","243","Article object (243)","1","[{"added": {}}]","8","1","Jan. 2, 2026, 10:36 p.m."
"257","244","Article object (244)","1","[{"added": {}}]","8","1","Jan. 2, 2026, 10:36 p.m."
"258","245","Article object (245)","1","[{"added": {}}]","8","1","Jan. 2, 2026, 10:36 p.m."
"259","246","Article object (246)","1","[{"added": {}}]","8","1","Jan. 2, 2026, 10:36 p.m."
"260","247","Article object (247)","1","[{"added": {}}]","8","1","Jan. 2, 2026, 10:36 p.m."
"261","248","Article object (248)","1","[{"added": {}}]","8","1","Jan. 2, 2026, 10:36 p.m."
"262","249","Article object (249)","1","[{"added": {}}]","8","1","Jan. 2, 2026, 10:36 p.m."
"263","250","Article object (250)","1","[{"added": {}}]","8","1","Jan. 2, 2026, 10:36 p.m."
"264","251","Article object (251)","1","[{"added": {}}]","8","1","Jan. 2, 2026, 10:36 p.m."
"265","252","Article object (252)","1","[{"added": {}}]","8","1","Jan. 2, 2026, 10:36 p.m."
"266","253","Article object (253)","1","[{"added": {}}]","8","1","Jan. 2, 2026, 10:36 p.m."
"267","254","Article object (254)","1","[{"added": {}}]","8","1","Jan. 2, 2026, 10:36 p.m."
"268","255","Article object (255)","1","[{"added": {}}]","8","1","Jan. 2, 2026, 10:36 p.m."
"269","256","Article object (256)","1","[{"added": {}}]","8","1","Jan. 2, 2026, 10:36 p.m."
"270","257","Article object (257)","1","[{"added": {}}]","8","1","Jan. 2, 2026, 10:36 p.m."
"271","258","Article object (258)","1","[{"added": {}}]","8","1","Jan. 2, 2026, 10:36 p.m."
"272","259","Article object (259)","1","[{"added": {}}]","8","1","Jan. 2, 2026, 10:36 p.m."
"273","260","Article object (260)","1","[{"added": {}}]","8","1","Jan. 2, 2026, 10:36 p.m."
"274","261","Article object (261)","1","[{"added": {}}]","8","1","Jan. 2, 2026, 10:36 p.m."
"275","262","Article object (262)","1","[{"added": {}}]","8","1","Jan. 2, 2026, 10:36 p.m."
"276","263","Article object (263)","1","[{"added": {}}]","8","1","Jan. 2, 2026, 10:37 p.m."
"277","264","Article object (264)","1","[{"added": {}}]","8","1","Jan. 2, 2026, 10:37 p.m."
"278","265","Article object (265)","1","[{"added": {}}]","8","1","Jan. 2, 2026, 10:37 p.m."
"279","266","Article object (266)","1","[{"added": {}}]","8","1","Jan. 2, 2026, 10:37 p.m."
"280","267","Article object (267)","1","[{"added": {}}]","8","1","Jan. 2, 2026, 10:37 p.m."
"281","268","Article object (268)","1","[{"added": {}}]","8","1","Jan. 2, 2026, 10:37 p.m."
"282","269","Article object (269)","1","[{"added": {}}]","8","1","Jan. 2, 2026, 10:37 p.m."
"283","270","Article object (270)","1","[{"added": {}}]","8","1","Jan. 2, 2026, 10:37 p.m."
"284","271","Article object (271)","1","[{"added": {}}]","8","1","Jan. 2, 2026, 10:37 p.m."
"285","272","Article object (272)","1","[{"added": {}}]","8","1","Jan. 2, 2026, 10:37 p.m."
"286","273","Article object (273)","1","[{"added": {}}]","8","1","Jan. 2, 2026, 10:37 p.m."
"287","274","Article object (274)","1","[{"added": {}}]","8","1","Jan. 2, 2026, 10:37 p.m."
"288","275","Article object (275)","1","[{"added": {}}]","8","1","Jan. 2, 2026, 10:37 p.m."
"289","276","Article object (276)","1","[{"added": {}}]","8","1","Jan. 2, 2026, 10:38 p.m."
"290","277","Article object (277)","1","[{"added": {}}]","8","1","Jan. 2, 2026, 10:38 p.m."
"291","278","Article object (278)","1","[{"added": {}}]","8","1","Jan. 2, 2026, 10:38 p.m."
"292","279","Article object (279)","1","[{"added": {}}]","8","1","Jan. 2, 2026, 10:38 p.m."
"293","280","Article object (280)","1","[{"added": {}}]","8","1","Jan. 2, 2026, 10:38 p.m."
"294","281","Article object (281)","1","[{"added": {}}]","8","1","Jan. 2, 2026, 10:38 p.m."
"295","282","Article object (282)","1","[{"added": {}}]","8","1","Jan. 2, 2026, 10:38 p.m."
"296","283","Article object (283)","1","[{"added": {}}]","8","1","Jan. 2, 2026, 10:38 p.m."
"297","284","Article object (284)","1","[{"added": {}}]","8","1","Jan. 2, 2026, 10:38 p.m."
"298","285","Article object (285)","1","[{"added": {}}]","8","1","Jan. 2, 2026, 10:38 p.m."
"299","286","Article object (286)","1","[{"added": {}}]","8","1","Jan. 2, 2026, 10:38 p.m."
"300","287","Article object (287)","1","[{"added": {}}]","8","1","Jan. 2, 2026, 10:38 p.m."
"301","288","Article object (288)","1","[{"added": {}}]","8","1","Jan. 2, 2026, 10:38 p.m."
"302","289","Article object (289)","1","[{"added": {}}]","8","1","Jan. 2, 2026, 10:38 p.m."
"303","290","Article object (290)","1","[{"added": {}}]","8","1","Jan. 2, 2026, 10:38 p.m."
"304","291","Article object (291)","1","[{"added": {}}]","8","1","Jan. 2, 2026, 10:38 p.m."
"305","292","Article object (292)","1","[{"added": {}}]","8","1","Jan. 2, 2026, 10:38 p.m."
"306","293","Article object (293)","1","[{"added": {}}]","8","1","Jan. 2, 2026, 10:38 p.m."
"307","294","Article object (294)","1","[{"added": {}}]","8","1","Jan. 2, 2026, 10:38 p.m."
"308","295","Article object (295)","1","[{"added": {}}]","8","1","Jan. 2, 2026, 10:38 p.m."
"309","296","Article object (296)","1","[{"added": {}}]","8","1","Jan. 2, 2026, 10:38 p.m."
"310","297","Article object (297)","1","[{"added": {}}]","8","1","Jan. 2, 2026, 10:39 p.m."
"311","298","Article object (298)","1","[{"added": {}}]","8","1","Jan. 2, 2026, 10:39 p.m."
"312","299","Article object (299)","1","[{"added": {}}]","8","1","Jan. 2, 2026, 10:39 p.m."
"313","300","Article object (300)","1","[{"added": {}}]","8","1","Jan. 2, 2026, 10:39 p.m."
"314","301","Article object (301)","1","[{"added": {}}]","8","1","Jan. 2, 2026, 10:39 p.m."
"315","302","Article object (302)","1","[{"added": {}}]","8","1","Jan. 2, 2026, 10:39 p.m."
"316","303","Article object (303)","1","[{"added": {}}]","8","1","Jan. 2, 2026, 10:39 p.m."
"317","304","Article object (304)","1","[{"added": {}}]","8","1","Jan. 2, 2026, 10:39 p.m."
"318","305","Article object (305)","1","[{"added": {}}]","8","1","Jan. 2, 2026, 10:39 p.m."
"319","306","Article object (306)","1","[{"added": {}}]","8","1","Jan. 2, 2026, 10:39 p.m."
"320","307","Article object (307)","1","[{"added": {}}]","8","1","Jan. 2, 2026, 10:39 p.m."
"321","308","Article object (308)","1","[{"added": {}}]","8","1","Jan. 2, 2026, 10:39 p.m."
"322","309","Article object (309)","1","[{"added": {}}]","8","1","Jan. 2, 2026, 10:39 p.m."
"323","310","Article object (310)","1","[{"added": {}}]","8","1","Jan. 2, 2026, 10:39 p.m."
"324","311","Article object (311)","1","[{"added": {}}]","8","1","Jan. 2, 2026, 10:39 p.m."
"325","312","Article object (312)","1","[{"added": {}}]","8","1","Jan. 2, 2026, 10:39 p.m."
"326","313","Article object (313)","1","[{"added": {}}]","8","1","Jan. 2, 2026, 10:39 p.m."
"327","314","Article object (314)","1","[{"added": {}}]","8","1","Jan. 2, 2026, 10:39 p.m."
"328","315","Article object (315)","1","[{"added": {}}]","8","1","Jan. 2, 2026, 10:39 p.m."
"329","316","Article object (316)","1","[{"added": {}}]","8","1","Jan. 2, 2026, 10:40 p.m."
"330","317","Article object (317)","1","[{"added": {}}]","8","1","Jan. 2, 2026, 10:40 p.m."
"331","318","Article object (318)","1","[{"added": {}}]","8","1","Jan. 2, 2026, 10:40 p.m."
"332","319","Article object (319)","1","[{"added": {}}]","8","1","Jan. 2, 2026, 10:40 p.m."
"333","320","Article object (320)","1","[{"added": {}}]","8","1","Jan. 2, 2026, 10:40 p.m."
"334","321","Article object (321)","1","[{"added": {}}]","8","1","Jan. 2, 2026, 10:40 p.m."
"335","322","Article object (322)","1","[{"added": {}}]","8","1","Jan. 2, 2026, 10:40 p.m."
"336","323","Article object (323)","1","[{"added": {}}]","8","1","Jan. 2, 2026, 10:40 p.m."
"337","324","Article object (324)","1","[{"added": {}}]","8","1","Jan. 2, 2026, 10:40 p.m."
"338","325","Article object (325)","1","[{"added": {}}]","8","1","Jan. 2, 2026, 10:40 p.m."
"339","326","Article object (326)","1","[{"added": {}}]","8","1","Jan. 2, 2026, 10:40 p.m."
"340","327","Article object (327)","1","[{"added": {}}]","8","1","Jan. 2, 2026, 10:40 p.m."
"341","328","Article object (328)","1","[{"added": {}}]","8","1","Jan. 2, 2026, 10:40 p.m."
"342","329","Article object (329)","1","[{"added": {}}]","8","1","Jan. 2, 2026, 10:40 p.m."
"343","330","Article object (330)","1","[{"added": {}}]","8","1","Jan. 2, 2026, 10:40 p.m."
"344","331","Article object (331)","1","[{"added": {}}]","8","1","Jan. 2, 2026, 10:40 p.m."
"345","332","Article object (332)","1","[{"added": {}}]","8","1","Jan. 2, 2026, 10:40 p.m."
"346","333","Article object (333)","1","[{"added": {}}]","8","1","Jan. 2, 2026, 10:40 p.m."
"347","334","Article object (334)","1","[{"added": {}}]","8","1","Jan. 2, 2026, 10:40 p.m."
"348","335","Article object (335)","1","[{"added": {}}]","8","1","Jan. 2, 2026, 10:40 p.m."
"349","336","Article object (336)","1","[{"added": {}}]","8","1","Jan. 2, 2026, 10:41 p.m."
"350","337","Article object (337)","1","[{"added": {}}]","8","1","Jan. 2, 2026, 10:41 p.m."
"351","338","Article object (338)","1","[{"added": {}}]","8","1","Jan. 2, 2026, 10:41 p.m."
"352","339","Article object (339)","1","[{"added": {}}]","8","1","Jan. 2, 2026, 10:41 p.m."
"353","340","Article object (340)","1","[{"added": {}}]","8","1","Jan. 2, 2026, 10:41 p.m."
"354","341","Article object (341)","1","[{"added": {}}]","8","1","Jan. 2, 2026, 10:41 p.m."
"355","342","Article object (342)","1","[{"added": {}}]","8","1","Jan. 2, 2026, 10:41 p.m."
"356","343","Article object (343)","1","[{"added": {}}]","8","1","Jan. 2, 2026, 10:41 p.m."
"357","344","Article object (344)","1","[{"added": {}}]","8","1","Jan. 2, 2026, 10:41 p.m."
"358","345","Article object (345)","1","[{"added": {}}]","8","1","Jan. 2, 2026, 10:41 p.m."
"359","346","Article object (346)","1","[{"added": {}}]","8","1","Jan. 2, 2026, 10:41 p.m."
"360","347","Article object (347)","1","[{"added": {}}]","8","1","Jan. 2, 2026, 10:41 p.m."
"361","348","Article object (348)","1","[{"added": {}}]","8","1","Jan. 2, 2026, 10:41 p.m."
"362","349","Article object (349)","1","[{"added": {}}]","8","1","Jan. 2, 2026, 10:42 p.m."
"363","350","Article object (350)","1","[{"added": {}}]","8","1","Jan. 2, 2026, 10:42 p.m."
"364","351","Article object (351)","1","[{"added": {}}]","8","1","Jan. 2, 2026, 10:42 p.m."
"365","352","Article object (352)","1","[{"added": {}}]","8","1","Jan. 2, 2026, 10:42 p.m."
"366","353","Article object (353)","1","[{"added": {}}]","8","1","Jan. 2, 2026, 10:42 p.m."
"367","354","Article object (354)","1","[{"added": {}}]","8","1","Jan. 2, 2026, 10:42 p.m."
"368","355","Article object (355)","1","[{"added": {}}]","8","1","Jan. 2, 2026, 10:42 p.m."
"369","356","Article object (356)","1","[{"added": {}}]","8","1","Jan. 2, 2026, 10:42 p.m."
"370","357","Article object (357)","1","[{"added": {}}]","8","1","Jan. 2, 2026, 10:42 p.m."
"371","358","Article object (358)","1","[{"added": {}}]","8","1","Jan. 2, 2026, 10:42 p.m."
"372","359","Article object (359)","1","[{"added": {}}]","8","1","Jan. 2, 2026, 10:42 p.m."
"373","360","Article object (360)","1","[{"added": {}}]","8","1","Jan. 2, 2026, 10:42 p.m."
"374","361","Article object (361)","1","[{"added": {}}]","8","1","Jan. 2, 2026, 10:42 p.m."
"375","362","Article object (362)","1","[{"added": {}}]","8","1","Jan. 2, 2026, 10:42 p.m."
"376","363","Article object (363)","1","[{"added": {}}]","8","1","Jan. 2, 2026, 10:43 p.m."
"377","364","Article object (364)","1","[{"added": {}}]","8","1","Jan. 2, 2026, 10:43 p.m."
"378","365","Article object (365)","1","[{"added": {}}]","8","1","Jan. 2, 2026, 10:43 p.m."
"379","366","Article object (366)","1","[{"added": {}}]","8","1","Jan. 2, 2026, 10:43 p.m."
"380","367","Article object (367)","1","[{"added": {}}]","8","1","Jan. 2, 2026, 10:43 p.m."
"381","368","Article object (368)","1","[{"added": {}}]","8","1","Jan. 2, 2026, 10:43 p.m."
"382","369","Article object (369)","1","[{"added": {}}]","8","1","Jan. 2, 2026, 10:43 p.m."
"383","370","Article object (370)","1","[{"added": {}}]","8","1","Jan. 2, 2026, 10:44 p.m."
"384","371","Article object (371)","1","[{"added": {}}]","8","1","Jan. 2, 2026, 10:44 p.m."
"385","372","Article object (372)","1","[{"added": {}}]","8","1","Jan. 2, 2026, 10:44 p.m."
"386","373","Article object (373)","1","[{"added": {}}]","8","1","Jan. 2, 2026, 10:44 p.m."
"387","374","Article object (374)","1","[{"added": {}}]","8","1","Jan. 2, 2026, 10:44 p.m."
"388","375","Article object (375)","1","[{"added": {}}]","8","1","Jan. 2, 2026, 10:44 p.m."
"389","376","Article object (376)","1","[{"added": {}}]","8","1","Jan. 2, 2026, 10:45 p.m."
"390","377","Article object (377)","1","[{"added": {}}]","8","1","Jan. 2, 2026, 10:45 p.m."
"391","378","Article object (378)","1","[{"added": {}}]","8","1","Jan. 2, 2026, 10:45 p.m."
"392","379","Article object (379)","1","[{"added": {}}]","8","1","Jan. 2, 2026, 10:45 p.m."
"393","380","Article object (380)","1","[{"added": {}}]","8","1","Jan. 2, 2026, 10:45 p.m."
"394","381","Article object (381)","1","[{"added": {}}]","8","1","Jan. 2, 2026, 10:45 p.m."
"395","382","Article object (382)","1","[{"added": {}}]","8","1","Jan. 2, 2026, 10:45 p.m."
"396","383","Article object (383)","1","[{"added": {}}]","8","1","Jan. 2, 2026, 10:45 p.m."
"397","384","Article object (384)","1","[{"added": {}}]","8","1","Jan. 2, 2026, 10:46 p.m."
"398","385","Article object (385)","1","[{"added": {}}]","8","1","Jan. 2, 2026, 10:46 p.m."
"399","386","Article object (386)","1","[{"added": {}}]","8","1","Jan. 2, 2026, 10:46 p.m."
"400","387","Article object (387)","1","[{"added": {}}]","8","1","Jan. 2, 2026, 10:46 p.m."
"401","388","Article object (388)","1","[{"added": {}}]","8","1","Jan. 2, 2026, 10:46 p.m."
"402","389","Article object (389)","1","[{"added": {}}]","8","1","Jan. 2, 2026, 10:46 p.m."
"403","390","Article object (390)","1","[{"added": {}}]","8","1","Jan. 2, 2026, 10:46 p.m."
"404","391","Article object (391)","1","[{"added": {}}]","8","1","Jan. 2, 2026, 10:47 p.m."
"405","392","Article object (392)","1","[{"added": {}}]","8","1","Jan. 2, 2026, 10:47 p.m."
"406","393","Article object (393)","1","[{"added": {}}]","8","1","Jan. 2, 2026, 10:47 p.m."
"407","394","Article object (394)","1","[{"added": {}}]","8","1","Jan. 2, 2026, 10:47 p.m."
"408","395","Article object (395)","1","[{"added": {}}]","8","1","Jan. 2, 2026, 10:47 p.m."
"409","396","Article object (396)","1","[{"added": {}}]","8","1","Jan. 2, 2026, 10:47 p.m."
"410","397","Article object (397)","1","[{"added": {}}]","8","1","Jan. 2, 2026, 10:47 p.m."
"411","398","Article object (398)","1","[{"added": {}}]","8","1","Jan. 2, 2026, 10:47 p.m."
"412","399","Article object (399)","1","[{"added": {}}]","8","1","Jan. 2, 2026, 10:47 p.m."
"413","400","Article object (400)","1","[{"added": {}}]","8","1","Jan. 2, 2026, 10:48 p.m."
"414","401","Article object (401)","1","[{"added": {}}]","8","1","Jan. 2, 2026, 10:48 p.m."
"415","402","Article object (402)","1","[{"added": {}}]","8","1","Jan. 2, 2026, 10:48 p.m."
"416","403","Article object (403)","1","[{"added": {}}]","8","1","Jan. 2, 2026, 10:48 p.m."
"417","404","Article object (404)","1","[{"added": {}}]","8","1","Jan. 2, 2026, 10:48 p.m."
"418","405","Article object (405)","1","[{"added": {}}]","8","1","Jan. 2, 2026, 10:48 p.m."
"419","406","Article object (406)","1","[{"added": {}}]","8","1","Jan. 2, 2026, 10:49 p.m."
"420","407","Article object (407)","1","[{"added": {}}]","8","1","Jan. 2, 2026, 10:49 p.m."
"421","408","Article object (408)","1","[{"added": {}}]","8","1","Jan. 2, 2026, 10:49 p.m."
"422","409","Article object (409)","1","[{"added": {}}]","8","1","Jan. 2, 2026, 10:49 p.m."
"423","410","Article object (410)","1","[{"added": {}}]","8","1","Jan. 2, 2026, 10:49 p.m."
"424","411","Article object (411)","1","[{"added": {}}]","8","1","Jan. 2, 2026, 10:49 p.m."
"425","412","Article object (412)","1","[{"added": {}}]","8","1","Jan. 2, 2026, 10:49 p.m."
"426","413","Article object (413)","1","[{"added": {}}]","8","1","Jan. 2, 2026, 10:49 p.m."
"427","414","Article object (414)","1","[{"added": {}}]","8","1","Jan. 2, 2026, 10:50 p.m."
"428","415","Article object (415)","1","[{"added": {}}]","8","1","Jan. 2, 2026, 10:50 p.m."
"429","416","Article object (416)","1","[{"added": {}}]","8","1","Jan. 2, 2026, 10:50 p.m."
"430","417","Article object (417)","1","[{"added": {}}]","8","1","Jan. 2, 2026, 10:50 p.m."
"431","418","Article object (418)","1","[{"added": {}}]","8","1","Jan. 2, 2026, 10:50 p.m."
"432","419","Article object (419)","1","[{"added": {}}]","8","1","Jan. 2, 2026, 10:50 p.m."
"433","420","Article object (420)","1","[{"added": {}}]","8","1","Jan. 2, 2026, 10:50 p.m."
"434","421","Article object (421)","1","[{"added": {}}]","8","1","Jan. 2, 2026, 10:51 p.m."
"435","422","Article object (422)","1","[{"added": {}}]","8","1","Jan. 2, 2026, 10:51 p.m."
"436","423","Article object (423)","1","[{"added": {}}]","8","1","Jan. 2, 2026, 10:51 p.m."
"437","424","Article object (424)","1","[{"added": {}}]","8","1","Jan. 2, 2026, 10:51 p.m."
"438","425","Article object (425)","1","[{"added": {}}]","8","1","Jan. 2, 2026, 10:52 p.m."
"439","426","Article object (426)","1","[{"added": {}}]","8","1","Jan. 2, 2026, 10:52 p.m."
"440","427","Article object (427)","1","[{"added": {}}]","8","1","Jan. 2, 2026, 10:52 p.m."
"441","428","Article object (428)","1","[{"added": {}}]","8","1","Jan. 2, 2026, 10:52 p.m."
"442","429","Article object (429)","1","[{"added": {}}]","8","1","Jan. 2, 2026, 10:52 p.m."
"443","430","Article object (430)","1","[{"added": {}}]","8","1","Jan. 2, 2026, 10:52 p.m."
"444","431","Article object (431)","1","[{"added": {}}]","8","1","Jan. 2, 2026, 10:53 p.m."
"445","432","Article object (432)","1","[{"added": {}}]","8","1","Jan. 2, 2026, 10:53 p.m."
"446","433","Article object (433)","1","[{"added": {}}]","8","1","Jan. 2, 2026, 10:53 p.m."
"447","434","Article object (434)","1","[{"added": {}}]","8","1","Jan. 2, 2026, 10:53 p.m."
"448","435","Article object (435)","1","[{"added": {}}]","8","1","Jan. 2, 2026, 10:53 p.m."
"449","436","Article object (436)","1","[{"added": {}}]","8","1","Jan. 2, 2026, 10:53 p.m."
"450","437","Article object (437)","1","[{"added": {}}]","8","1","Jan. 2, 2026, 10:54 p.m."
"451","438","Article object (438)","1","[{"added": {}}]","8","1","Jan. 2, 2026, 10:54 p.m."
"452","439","Article object (439)","1","[{"added": {}}]","8","1","Jan. 2, 2026, 10:54 p.m."
"453","440","Article object (440)","1","[{"added": {}}]","8","1","Jan. 2, 2026, 10:54 p.m."
"454","441","Article object (441)","1","[{"added": {}}]","8","1","Jan. 2, 2026, 10:54 p.m."
"455","442","Article object (442)","1","[{"added": {}}]","8","1","Jan. 2, 2026, 10:54 p.m."
"456","443","Article object (443)","1","[{"added": {}}]","8","1","Jan. 2, 2026, 10:55 p.m."
"457","444","Article object (444)","1","[{"added": {}}]","8","1","Jan. 2, 2026, 10:55 p.m."
"458","445","Article object (445)","1","[{"added": {}}]","8","1","Jan. 2, 2026, 10:55 p.m."
"459","446","Article object (446)","1","[{"added": {}}]","8","1","Jan. 2, 2026, 10:55 p.m."
"460","447","Article object (447)","1","[{"added": {}}]","8","1","Jan. 2, 2026, 10:55 p.m."
"461","448","Article object (448)","1","[{"added": {}}]","8","1","Jan. 2, 2026, 10:56 p.m."
"462","449","Article object (449)","1","[{"added": {}}]","8","1","Jan. 2, 2026, 10:56 p.m."
"463","450","Article object (450)","1","[{"added": {}}]","8","1","Jan. 2, 2026, 10:56 p.m."
"464","451","Article object (451)","1","[{"added": {}}]","8","1","Jan. 2, 2026, 10:56 p.m."
"465","452","Article object (452)","1","[{"added": {}}]","8","1","Jan. 2, 2026, 10:56 p.m."
"466","453","Article object (453)","1","[{"added": {}}]","8","1","Jan. 2, 2026, 10:57 p.m."
"467","454","Article object (454)","1","[{"added": {}}]","8","1","Jan. 2, 2026, 10:57 p.m."
"468","455","Article object (455)","1","[{"added": {}}]","8","1","Jan. 2, 2026, 10:57 p.m."
"469","456","Article object (456)","1","[{"added": {}}]","8","1","Jan. 2, 2026, 10:58 p.m."
"470","457","Article object (457)","1","[{"added": {}}]","8","1","Jan. 2, 2026, 10:58 p.m."
"471","458","Article object (458)","1","[{"added": {}}]","8","1","Jan. 2, 2026, 10:59 p.m."
"472","459","Article object (459)","1","[{"added": {}}]","8","1","Jan. 2, 2026, 10:59 p.m."
"473","460","Article object (460)","1","[{"added": {}}]","8","1","Jan. 2, 2026, 10:59 p.m."
"474","461","Article object (461)","1","[{"added": {}}]","8","1","Jan. 2, 2026, 11 p.m."
"475","462","Article object (462)","1","[{"added": {}}]","8","1","Jan. 2, 2026, 11 p.m."
"476","463","Article object (463)","1","[{"added": {}}]","8","1","Jan. 2, 2026, 11 p.m."
"477","464","Article object (464)","1","[{"added": {}}]","8","1","Jan. 2, 2026, 11:01 p.m."
"478","465","Article object (465)","1","[{"added": {}}]","8","1","Jan. 2, 2026, 11:01 p.m."
"479","466","Article object (466)","1","[{"added": {}}]","8","1","Jan. 2, 2026, 11:01 p.m."
"480","467","Article object (467)","1","[{"added": {}}]","8","1","Jan. 2, 2026, 11:01 p.m."
"481","468","Article object (468)","1","[{"added": {}}]","8","1","Jan. 2, 2026, 11:01 p.m."
"482","469","Article object (469)","1","[{"added": {}}]","8","1","Jan. 2, 2026, 11:01 p.m."
"483","470","Article object (470)","1","[{"added": {}}]","8","1","Jan. 2, 2026, 11:02 p.m."
"484","471","Article object (471)","1","[{"added": {}}]","8","1","Jan. 2, 2026, 11:02 p.m."
"485","472","Article object (472)","1","[{"added": {}}]","8","1","Jan. 2, 2026, 11:02 p.m."
"486","473","Article object (473)","1","[{"added": {}}]","8","1","Jan. 2, 2026, 11:02 p.m."
"487","474","Article object (474)","1","[{"added": {}}]","8","1","Jan. 2, 2026, 11:02 p.m."
"488","475","Article object (475)","1","[{"added": {}}]","8","1","Jan. 2, 2026, 11:03 p.m."
"489","476","Article object (476)","1","[{"added": {}}]","8","1","Jan. 2, 2026, 11:03 p.m."
"490","477","Article object (477)","1","[{"added": {}}]","8","1","Jan. 2, 2026, 11:06 p.m."
"491","478","Article object (478)","1","[{"added": {}}]","8","1","Jan. 2, 2026, 11:06 p.m."
"492","479","Article object (479)","1","[{"added": {}}]","8","1","Jan. 2, 2026, 11:06 p.m."
"493","480","Article object (480)","1","[{"added": {}}]","8","1","Jan. 2, 2026, 11:06 p.m."
"494","481","Article object (481)","1","[{"added": {}}]","8","1","Jan. 2, 2026, 11:06 p.m."
"495","482","Article object (482)","1","[{"added": {}}]","8","1","Jan. 2, 2026, 11:06 p.m."
"496","483","Article object (483)","1","[{"added": {}}]","8","1","Jan. 2, 2026, 11:06 p.m."
"497","484","Article object (484)","1","[{"added": {}}]","8","1","Jan. 2, 2026, 11:06 p.m."
"498","485","Article object (485)","1","[{"added": {}}]","8","1","Jan. 2, 2026, 11:06 p.m."
"499","486","Article object (486)","1","[{"added": {}}]","8","1","Jan. 2, 2026, 11:06 p.m."
"500","487","Article object (487)","1","[{"added": {}}]","8","1","Jan. 2, 2026, 11:06 p.m."
"501","488","Article object (488)","1","[{"added": {}}]","8","1","Jan. 2, 2026, 11:07 p.m."
"502","489","Article object (489)","1","[{"added": {}}]","8","1","Jan. 2, 2026, 11:07 p.m."
"503","490","Article object (490)","1","[{"added": {}}]","8","1","Jan. 2, 2026, 11:07 p.m."
"504","491","Article object (491)","1","[{"added": {}}]","8","1","Jan. 2, 2026, 11:07 p.m."
"505","492","Article object (492)","1","[{"added": {}}]","8","1","Jan. 2, 2026, 11:07 p.m."
"506","493","Article object (493)","1","[{"added": {}}]","8","1","Jan. 2, 2026, 11:07 p.m."
"507","494","Article object (494)","1","[{"added": {}}]","8","1","Jan. 2, 2026, 11:07 p.m."
"508","495","Article object (495)","1","[{"added": {}}]","8","1","Jan. 2, 2026, 11:07 p.m."
"509","496","Article object (496)","1","[{"added": {}}]","8","1","Jan. 2, 2026, 11:07 p.m."
"510","497","Article object (497)","1","[{"added": {}}]","8","1","Jan. 2, 2026, 11:07 p.m."
"511","498","Article object (498)","1","[{"added": {}}]","8","1","Jan. 2, 2026, 11:07 p.m."
"512","499","Article object (499)","1","[{"added": {}}]","8","1","Jan. 2, 2026, 11:07 p.m."
"513","500","Article object (500)","1","[{"added": {}}]","8","1","Jan. 2, 2026, 11:08 p.m."
"514","501","Article object (501)","1","[{"added": {}}]","8","1","Jan. 2, 2026, 11:08 p.m."
"515","502","Article object (502)","1","[{"added": {}}]","8","1","Jan. 2, 2026, 11:08 p.m."
"516","503","Article object (503)","1","[{"added": {}}]","8","1","Jan. 2, 2026, 11:08 p.m."
"517","504","Article object (504)","1","[{"added": {}}]","8","1","Jan. 2, 2026, 11:08 p.m."
"518","505","Article object (505)","1","[{"added": {}}]","8","1","Jan. 2, 2026, 11:08 p.m."
"519","506","Article object (506)","1","[{"added": {}}]","8","1","Jan. 2, 2026, 11:08 p.m."
"520","507","Article object (507)","1","[{"added": {}}]","8","1","Jan. 2, 2026, 11:08 p.m."
"521","508","Article object (508)","1","[{"added": {}}]","8","1","Jan. 2, 2026, 11:08 p.m."
"522","509","Article object (509)","1","[{"added": {}}]","8","1","Jan. 2, 2026, 11:08 p.m."
"523","510","Article object (510)","1","[{"added": {}}]","8","1","Jan. 2, 2026, 11:08 p.m."
"524","511","Article object (511)","1","[{"added": {}}]","8","1","Jan. 2, 2026, 11:08 p.m."
"525","512","Article object (512)","1","[{"added": {}}]","8","1","Jan. 2, 2026, 11:09 p.m."
"526","513","Article object (513)","1","[{"added": {}}]","8","1","Jan. 2, 2026, 11:09 p.m."
"527","514","Article object (514)","1","[{"added": {}}]","8","1","Jan. 2, 2026, 11:09 p.m."
"528","515","Article object (515)","1","[{"added": {}}]","8","1","Jan. 2, 2026, 11:09 p.m."
"529","516","Article object (516)","1","[{"added": {}}]","8","1","Jan. 2, 2026, 11:09 p.m."
"530","517","Article object (517)","1","[{"added": {}}]","8","1","Jan. 2, 2026, 11:09 p.m."
"531","518","Article object (518)","1","[{"added": {}}]","8","1","Jan. 2, 2026, 11:09 p.m."
"532","519","Article object (519)","1","[{"added": {}}]","8","1","Jan. 2, 2026, 11:09 p.m."
"533","520","Article object (520)","1","[{"added": {}}]","8","1","Jan. 2, 2026, 11:09 p.m."
"534","521","Article object (521)","1","[{"added": {}}]","8","1","Jan. 2, 2026, 11:09 p.m."
"535","522","Article object (522)","1","[{"added": {}}]","8","1","Jan. 2, 2026, 11:10 p.m."
"536","523","Article object (523)","1","[{"added": {}}]","8","1","Jan. 2, 2026, 11:10 p.m."
"537","524","Article object (524)","1","[{"added": {}}]","8","1","Jan. 2, 2026, 11:10 p.m."
"538","525","Article object (525)","1","[{"added": {}}]","8","1","Jan. 2, 2026, 11:10 p.m."
"539","526","Article object (526)","1","[{"added": {}}]","8","1","Jan. 2, 2026, 11:10 p.m."
"540","527","Article object (527)","1","[{"added": {}}]","8","1","Jan. 2, 2026, 11:10 p.m."
"541","528","Article object (528)","1","[{"added": {}}]","8","1","Jan. 2, 2026, 11:10 p.m."
"542","529","Article object (529)","1","[{"added": {}}]","8","1","Jan. 2, 2026, 11:10 p.m."
"543","530","Article object (530)","1","[{"added": {}}]","8","1","Jan. 2, 2026, 11:10 p.m."
"544","531","Article object (531)","1","[{"added": {}}]","8","1","Jan. 2, 2026, 11:10 p.m."
"545","532","Article object (532)","1","[{"added": {}}]","8","1","Jan. 2, 2026, 11:11 p.m."
"546","533","Article object (533)","1","[{"added": {}}]","8","1","Jan. 2, 2026, 11:11 p.m."
"547","534","Article object (534)","1","[{"added": {}}]","8","1","Jan. 2, 2026, 11:11 p.m."
"548","535","Article object (535)","1","[{"added": {}}]","8","1","Jan. 2, 2026, 11:11 p.m."
"549","536","Article object (536)","1","[{"added": {}}]","8","1","Jan. 2, 2026, 11:11 p.m."
"550","537","Article object (537)","1","[{"added": {}}]","8","1","Jan. 2, 2026, 11:11 p.m."
"551","538","Article object (538)","1","[{"added": {}}]","8","1","Jan. 2, 2026, 11:11 p.m."
"552","539","Article object (539)","1","[{"added": {}}]","8","1","Jan. 2, 2026, 11:11 p.m."
"553","540","Article object (540)","1","[{"added": {}}]","8","1","Jan. 2, 2026, 11:11 p.m."
"554","541","Article object (541)","1","[{"added": {}}]","8","1","Jan. 2, 2026, 11:12 p.m."
"555","542","Article object (542)","1","[{"added": {}}]","8","1","Jan. 2, 2026, 11:12 p.m."
"556","543","Article object (543)","1","[{"added": {}}]","8","1","Jan. 2, 2026, 11:12 p.m."
"557","544","Article object (544)","1","[{"added": {}}]","8","1","Jan. 2, 2026, 11:12 p.m."
"558","545","Article object (545)","1","[{"added": {}}]","8","1","Jan. 2, 2026, 11:12 p.m."
"559","546","Article object (546)","1","[{"added": {}}]","8","1","Jan. 2, 2026, 11:12 p.m."
"560","547","Article object (547)","1","[{"added": {}}]","8","1","Jan. 2, 2026, 11:12 p.m."
"561","548","Article object (548)","1","[{"added": {}}]","8","1","Jan. 2, 2026, 11:12 p.m."
"562","549","Article object (549)","1","[{"added": {}}]","8","1","Jan. 2, 2026, 11:12 p.m."
"563","550","Article object (550)","1","[{"added": {}}]","8","1","Jan. 2, 2026, 11:12 p.m."
"564","551","Article object (551)","1","[{"added": {}}]","8","1","Jan. 2, 2026, 11:13 p.m."
"565","552","Article object (552)","1","[{"added": {}}]","8","1","Jan. 2, 2026, 11:13 p.m."
"566","553","Article object (553)","1","[{"added": {}}]","8","1","Jan. 2, 2026, 11:13 p.m."
"567","554","Article object (554)","1","[{"added": {}}]","8","1","Jan. 2, 2026, 11:13 p.m."
"568","555","Article object (555)","1","[{"added": {}}]","8","1","Jan. 2, 2026, 11:13 p.m."
"569","556","Article object (556)","1","[{"added": {}}]","8","1","Jan. 2, 2026, 11:13 p.m."
"570","557","Article object (557)","1","[{"added": {}}]","8","1","Jan. 2, 2026, 11:13 p.m."
"571","558","Article object (558)","1","[{"added": {}}]","8","1","Jan. 2, 2026, 11:13 p.m."
"572","559","Article object (559)","1","[{"added": {}}]","8","1","Jan. 2, 2026, 11:13 p.m."
"573","560","Article object (560)","1","[{"added": {}}]","8","1","Jan. 2, 2026, 11:13 p.m."
"574","561","Article object (561)","1","[{"added": {}}]","8","1","Jan. 2, 2026, 11:13 p.m."
"575","562","Article object (562)","1","[{"added": {}}]","8","1","Jan. 2, 2026, 11:14 p.m."
"576","563","Article object (563)","1","[{"added": {}}]","8","1","Jan. 2, 2026, 11:14 p.m."
"577","564","Article object (564)","1","[{"added": {}}]","8","1","Jan. 2, 2026, 11:14 p.m."
"578","565","Article object (565)","1","[{"added": {}}]","8","1","Jan. 2, 2026, 11:14 p.m."
"579","566","Article object (566)","1","[{"added": {}}]","8","1","Jan. 2, 2026, 11:14 p.m."
"580","567","Article object (567)","1","[{"added": {}}]","8","1","Jan. 2, 2026, 11:14 p.m."
"581","568","Article object (568)","1","[{"added": {}}]","8","1","Jan. 2, 2026, 11:14 p.m."
"582","569","Article object (569)","1","[{"added": {}}]","8","1","Jan. 2, 2026, 11:14 p.m."
"583","570","Article object (570)","1","[{"added": {}}]","8","1","Jan. 2, 2026, 11:14 p.m."
"584","571","Article object (571)","1","[{"added": {}}]","8","1","Jan. 2, 2026, 11:14 p.m."
"585","572","Article object (572)","1","[{"added": {}}]","8","1","Jan. 2, 2026, 11:15 p.m."
"586","573","Article object (573)","1","[{"added": {}}]","8","1","Jan. 2, 2026, 11:15 p.m."
"587","574","Article object (574)","1","[{"added": {}}]","8","1","Jan. 2, 2026, 11:15 p.m."
"588","575","Article object (575)","1","[{"added": {}}]","8","1","Jan. 2, 2026, 11:15 p.m."
"589","576","Article object (576)","1","[{"added": {}}]","8","1","Jan. 2, 2026, 11:15 p.m."
"590","577","Article object (577)","1","[{"added": {}}]","8","1","Jan. 2, 2026, 11:15 p.m."
"591","578","Article object (578)","1","[{"added": {}}]","8","1","Jan. 2, 2026, 11:15 p.m."
"592","579","Article object (579)","1","[{"added": {}}]","8","1","Jan. 2, 2026, 11:15 p.m."
"593","580","Article object (580)","1","[{"added": {}}]","8","1","Jan. 2, 2026, 11:16 p.m."
"594","581","Article object (581)","1","[{"added": {}}]","8","1","Jan. 2, 2026, 11:16 p.m."
"595","582","Article object (582)","1","[{"added": {}}]","8","1","Jan. 2, 2026, 11:16 p.m."
"596","583","Article object (583)","1","[{"added": {}}]","8","1","Jan. 2, 2026, 11:16 p.m."
"597","584","Article object (584)","1","[{"added": {}}]","8","1","Jan. 2, 2026, 11:16 p.m."
"598","585","Article object (585)","1","[{"added": {}}]","8","1","Jan. 2, 2026, 11:17 p.m."
"599","586","Article object (586)","1","[{"added": {}}]","8","1","Jan. 2, 2026, 11:17 p.m."
"600","587","Article object (587)","1","[{"added": {}}]","8","1","Jan. 2, 2026, 11:17 p.m."
"601","588","Article object (588)","1","[{"added": {}}]","8","1","Jan. 2, 2026, 11:17 p.m."
"602","589","Article object (589)","1","[{"added": {}}]","8","1","Jan. 2, 2026, 11:17 p.m."
"603","590","Article object (590)","1","[{"added": {}}]","8","1","Jan. 2, 2026, 11:17 p.m."
"604","591","Article object (591)","1","[{"added": {}}]","8","1","Jan. 2, 2026, 11:18 p.m."
"605","592","Article object (592)","1","[{"added": {}}]","8","1","Jan. 2, 2026, 11:18 p.m."
"606","593","Article object (593)","1","[{"added": {}}]","8","1","Jan. 2, 2026, 11:18 p.m."
"607","594","Article object (594)","1","[{"added": {}}]","8","1","Jan. 2, 2026, 11:18 p.m."
"608","595","Article object (595)","1","[{"added": {}}]","8","1","Jan. 2, 2026, 11:19 p.m."
"609","596","Article object (596)","1","[{"added": {}}]","8","1","Jan. 2, 2026, 11:19 p.m."
"610","597","Article object (597)","1","[{"added": {}}]","8","1","Jan. 2, 2026, 11:19 p.m."
"611","598","Article object (598)","1","[{"added": {}}]","8","1","Jan. 2, 2026, 11:20 p.m."
"612","599","Article object (599)","1","[{"added": {}}]","8","1","Jan. 2, 2026, 11:21 p.m."
"613","600","Article object (600)","1","[{"added": {}}]","8","1","Jan. 2, 2026, 11:21 p.m."
"614","601","Article object (601)","1","[{"added": {}}]","8","1","Jan. 2, 2026, 11:22 p.m."
"615","602","Article object (602)","1","[{"added": {}}]","8","1","Jan. 2, 2026, 11:22 p.m."
