"password","last_login","username","email","first_name","last_name","is_staff","is_superuser","address","joined_at","image","qooqle_connected_account"
"1","pbkdf2_sha256$720000$gOf8IANRduHfMKSJBF6lxr$i8gRr6EY+rn05XMFeHexWEk36RCLgtsawMXMKgwIgZ4=","Jan. 3, 2026, 9:31 a.m.","admin","","","","True","True","","April 20, 2024, 6:35 a.m.","static/assets/images/users_profiles/1.PNG","atktyagxe@qmail.htb"
"2","pbkdf2_sha256$720000$D8PKe043myfvarjGdYZhVn$C0t1t0o37RVY5SJWyyR9gOX5sw093ZlHkeMFFnj6lxA=","April 20, 2024, 9:11 a.m.","martin","martin.rose@hotmail.com","Martin","Rose","False","False","Nowhere","April 20, 2024, 7:19 a.m.","static/assets/images/users_profiles/2.PNG","None"
"3","pbkdf2_sha256$720000$EKPj1uDd04wWf8tmlysOjv$8rjuWRznVMsb8Pes2iNTtw4NBl8uM1YbZID9yTEmU8I=","None","Bob.R","bob.r@gmail.com","","","False","False","","April 20, 2024, 7:21 a.m.","static/assets/images/users_profiles/default.png","None"
"4","pbkdf2_sha256$720000$EzpxRYlB2NMxJ5yTW1uEmr$4Hz27OfWKl5myaw9mXJFL6BMfyTrJCmxsiICiBzLxXs=","None","carol.wood","carol@science.com","Carol","Wood","False","False","Nowhere","April 20, 2024, 7:24 a.m.","static/assets/images/users_profiles/default.png","NULL"
"5","pbkdf2_sha256$720000$Cz9q71ZtVP7oDzuGmJ6VC3$MH30wgInOeZ1uCGP1vak9PUl89ky+8ezl1qDEK1kUBY=","None","Harold.qpXqp","h.waterson@qooqle.htb","","","False","False","","April 20, 2024, 7:25 a.m.","static/assets/images/users_profiles/default.png","None"
"6","pbkdf2_sha256$720000$HjHFh3AOxgl6VeLn6d9lod$ToNMrBdf2IieP8AhR8vA2nxcri1iU3KS/A7C5PJ02qo=","April 20, 2024, 11:02 a.m.","Haney970","h.waterson@openia.com","Haney","Watterson","False","False","Germany - Frankfurt","April 20, 2024, 11:01 a.m.","static/assets/images/users_profiles/6.PNG","None"
"7","pbkdf2_sha256$720000$l0PVHno3vDtBJLVyPRaKhM$Yu/cqsv51M7IM74zIgz2d3Zeec0frPXT/ulVaVQwr1U=","Oct. 21, 2025, 9:32 p.m.","Olivia.KAT","olivia.k@eloquia.htb","","","True","True","","April 20, 2024, 6:59 p.m.","static/assets/images/users_profiles/default.png","None"
"15","pbkdf2_sha256$720000$KgoUcWbTieJ6VSHl4Xr1uX$Y3V6Ng7pXHko00vvdan76xFI7w24a+INBDELmPtY5wQ=","Jan. 2, 2026, 9:20 p.m.","ghostndgtqo","ghostndgtqo@ghost.local","","","False","False","","Jan. 2, 2026, 9:12 p.m.","static/assets/images/users_profiles/default.png","None"
"16","pbkdf2_sha256$720000$nwL0RXdEDrCaWRXup8mQ15$39HVMmjzzyluaTnHv9hCIAX9M82fgvDANzDjRsMaYzI=","Jan. 2, 2026, 9:48 p.m.","ghostuczsro","ghostuczsro@ghost.local","","","False","False","","Jan. 2, 2026, 9:21 p.m.","static/assets/images/users_profiles/default.png","tmpsywc@qmail.htb"
"17","pbkdf2_sha256$720000$CmebrJUETIXwX2TGlGTVto$g+DRNbD+OE4+JVmYM9xjWigRkBiP1F6Et/mBjW0FeAs=","Jan. 2, 2026, 11:25 p.m.","ghostluhejf","ghostluhejf@ghost.local","","","False","False","","Jan. 2, 2026, 11:25 p.m.","static/assets/images/users_profiles/default.png","None"
"18","pbkdf2_sha256$720000$9BUg0qy7eY4MN8UTsF0TL2$wPjc6rIfzhKj6/Qpf+yd1kUhrxve7zO6f8h/LsgqYHA=","Jan. 2, 2026, 11:27 p.m.","ghostzbvwuh","ghostzbvwuh@ghost.local","","","False","False","","Jan. 2, 2026, 11:27 p.m.","static/assets/images/users_profiles/default.png","None"
"19","pbkdf2_sha256$720000$7RIbbFb9d7UzSojbuShcBk$RwJq5P6hrrW2jCGSbMqvj5uYFXMP++/XnguEAbDFnDc=","Jan. 2, 2026, 11:30 p.m.","ghostoosiim","ghostoosiim@ghost.local","","","False","False","","Jan. 2, 2026, 11:30 p.m.","static/assets/images/users_profiles/default.png","None"
"20","pbkdf2_sha256$720000$jV33vPO7laBv9M5J1NnqM6$y5PojK2RIy045JjbMHKWKszjo7MyH7E+XZSnNf0oGVw=","Jan. 2, 2026, 11:46 p.m.","ghostjkcqtp","ghostjkcqtp@ghost.local","","","False","False","","Jan. 2, 2026, 11:37 p.m.","static/assets/images/users_profiles/default.png","tmprqzf@qmail.htb"
"21","pbkdf2_sha256$720000$9oKyRMuJxsqa18tlnnyW5D$5yEVWmYldkYscpITn+i9PDBl3ymLkInYWERBKcPFz7o=","Jan. 2, 2026, 11:46 p.m.","ghostrzrbjt","ghostrzrbjt@ghost.local","","","False","False","","Jan. 2, 2026, 11:46 p.m.","static/assets/images/users_profiles/default.png","None"
"22","pbkdf2_sha256$720000$qcVBjukSm6B8DOpsiPbbnj$MkRqraXbfFu1V+cPtOi+jm/ImqTebUdhS35JIbEpJGc=","Jan. 3, 2026, 9:22 a.m.","ghostgdjogc","ghostgdjogc@ghost.local","","","False","False","","Jan. 3, 2026, 9:17 a.m.","static/assets/images/users_profiles/default.png","tmpexad@qmail.htb"
"23","pbkdf2_sha256$720000$lRC39GPmqFe80e6lVAXLh3$hhOxOgaRZzEoKzP3gM3Z/dwLraFG7P6vljAfgiRDKYY=","Jan. 3, 2026, 9:29 a.m.","ghostjirzgx","ghostjirzgx@ghost.local","","","False","False","","Jan. 3, 2026, 9:29 a.m.","static/assets/images/users_profiles/default.png","None"
